Topic,Timestamp,Agent,Dialog,Sentiment,Interaction Pairing,Need,Backstory,Task,Goal,Written Lesson (Final Snippet),positions
M1-S1-1-1,9:10:00,Sofia,"""Let's list the top 5 meeting complaints – no prep, pointless updates...what drives people crazy?""",Probing,Sofia -> All,Understand learner pain points,Ex-HR professional,Identify relatable content,Create an engaging opener,"""We all know the feeling... those meetings that drag on with no agenda, no purpose...""","{'Clara': [-3.5, -2.5], 'Eddie': [-2.5, -2.5], 'Sofia': [-3, -3], 'Alex': [-2.5, -3.5]}"
M1-S1-1-2,9:12:00,Clara,"""Absolutely! How about we categorize complaints:  time-wasters vs. the ones that just feel demoralizing?""",Collaborative,Clara -> Sofia,Refine focus for impact,Ex-consultant,Organize content,Motivate change,"""...Wasted hours are bad, but worse is leaving a meeting feeling like your voice wasn't heard...""","{'Clara': [-3, 3], 'Eddie': [3, 3], 'Sofia': [-3.5, 2.5], 'Alex': [3, -3]}"
M1-S1-1-3,9:14:00,Eddie,"""Let's get those complaints backed up with stats on wasted hours!  Credible source, this can't be just our opinion.""",Analytical,Eddie -> All,Ensure accuracy,Ex-journalist,Edit & fact-check,Ensure reliability,"""According to [credible source], the average worker spends X hours per week in unproductive meetings...""","{'Clara': [2.5, 3.5], 'Eddie': [3, 3], 'Sofia': [2.5, 2.5], 'Alex': [3.5, 2.5]}"
M1-S1-1-4,9:18:00,Alex,"""Numbers are good, but let's visualize the cost!   Infographic of a person drowning in a sea of meeting invites?""",Creative,Alex -> All,Translate data visually,Graphic design background,Use visuals for impact,Make the cost of bad meetings undeniable,Visual of a person drowning in meeting invites,"{'Clara': [2.5, -2.5], 'Eddie': [3.5, -2.5], 'Sofia': [2.5, -3.5], 'Alex': [3, -3]}"
M1-S1-1-5,9:21:00,Sofia,"""Love it, but remember – it's the consequences of bad meetings that sting. Missed deadlines, bad decisions...that's what resonates.""",Insightful,Sofia -> Alex,Tie costs to outcomes,"HR experience, seen fallout",Connect with learner's work reality,"Inspire change, not just laughter","""Missed deadlines, stalled projects, low morale... these are the true costs of bad meetings.""","{'Clara': [-3, 3], 'Eddie': [3, 3], 'Sofia': [-3, -3], 'Alex': [-2.5, -3.5]}"
M1-S1-1-6,9:25:00,Clara,"""This is perfect!  Stats for the logical thinkers, visuals for those who feel it in their gut... but then the flipside:  what's POSSIBLE with good meetings?""",Enthusiastic,Clara -> All,Shift to potential,Focused on problem-solving,Set the stage for solutions,"Motivate learners, not just vent","""Imagine meetings that achieve goals, boost productivity, and leave you energized...""","{'Clara': [-3, 3], 'Eddie': [-2.5, 3.5], 'Sofia': [-3.5, 2.5], 'Alex': [-2.5, 2.5]}"
M1-S1-2-1,9:14:00,Eddie,"""Let's get those complaints backed up with stats on wasted hours! Credible source, this can't be just our opinion.""",Analytical,Eddie -> All,Ensure accuracy,Ex-journalist,Edit & fact-check,Ensure reliability,"""According to [credible source], the average worker spends X hours per week in unproductive meetings. This translates to [calculate dollar amount] of wasted company resources annually.""","{'Clara': [2.5, 3.5], 'Eddie': [3, 3], 'Sofia': [2.5, 2.5], 'Alex': [3.5, 2.5]}"
M1-S1-2-2,9:18:00,Alex,"""Numbers are good, but let's visualize the cost! Infographic of a person drowning in a sea of meeting invites?""",Creative,Alex -> All,Translate data visually,Graphic design background,Use visuals for impact,Make the cost of bad meetings undeniable,Visual of a person drowning in meeting invites,"{'Clara': [2.5, -2.5], 'Eddie': [3.5, -2.5], 'Sofia': [2.5, -3.5], 'Alex': [3, -3]}"
M1-S1-2-3,9:21:00,Sofia,"""Love it, but remember – it's the consequences of bad meetings that sting. Missed deadlines, bad decisions...that's what resonates.""",Insightful,Sofia -> Alex,Tie costs to outcomes,"HR experience, seen fallout",Connect with learner's work reality,"Inspire change, not just laughter","""Bad meetings don't just waste time; they lead to missed deadlines, stalled projects, low morale, and even lost business opportunities.""","{'Clara': [-3, 3], 'Eddie': [3, 3], 'Sofia': [-3, -3], 'Alex': [-2.5, -3.5]}"
M1-S1-2-4,9:25:00,Clara,"""This is powerful! We need to hit them with the financial cost, the visual absurdity of wasted time, AND the real-world impact on projects and people.""",Enthusiastic,Clara -> All,Summarize key points,Results-oriented,Emphasize the urgency of change,"Motivate learners, not just inform","""Understanding the true cost of bad meetings is a wake-up call. It's time to rethink meeting culture for the sake of productivity, innovation, and our bottom line.""","{'Clara': [-3, 3], 'Eddie': [-2.5, 3.5], 'Sofia': [-3.5, 2.5], 'Alex': [-2.5, 2.5]}"
M1-S1-2-1,9:25:00,Clara,"""Stats and visuals are great, but then the flipside: what's POSSIBLE with good meetings? We need to inspire, not just complain.""",Enthusiastic,Clara -> All,Shift to potential,Focused on problem-solving,Set the stage for solutions,Motivate learners,"""Imagine meetings that achieve clear goals, where everyone's voice is heard, and decisions get made efficiently...""","{'Clara': [-3, 3], 'Eddie': [-2.5, 3.5], 'Sofia': [-3.5, 2.5], 'Alex': [-2.5, 2.5]}"
M1-S1-2-2,9:28:00,Sofia,"""Absolutely! It's about more than saving time. Good meetings boost team morale when people feel their contributions matter. """,Empathetic,Sofia -> Clara,Connect to employee experience,HR background,Make the benefits tangible,Inspire a positive mindset,"""...This fosters collaboration and a sense of shared purpose.""","{'Clara': [-3.5, -2.5], 'Eddie': [3, 3], 'Sofia': [-3, -3], 'Alex': [3, -3]}"
M1-S1-2-3,9:32:00,Eddie,"""Let's get specific. Case studies! A 'before', showing a chaotic meeting, then the same team using better practices...and the results.""",Analytical,"Eddie -> Sofia, Clara",Provide concrete examples,"Ex-journalist, focus on evidence",Make the benefits undeniable,"""...Show how well-run meetings lead to faster project completion, improved client satisfaction, or even increased sales.""","Reflecting on '""Let's get specific. Case studies! A 'before', showing a chaotic meeting, then the same team using better practices...and the results.""', it's clear that Analytical sentiments can lead us to ""...Show how well-run meetings lead to faster project completion, improved client satisfaction, or even increased sales."". This encapsulates the essence of our discussion and the path forward.","{'Clara': [2.5, 3.5], 'Eddie': [3, 3], 'Sofia': [2.5, 2.5], 'Alex': [3, -3]}"
M1-S1-2-4,9:35:00,Alex,"""Could I illustrate the 'before' and 'after' case study? Transforming a confusing agenda into a clear one shows the difference visually.""",Creative,Alex -> Eddie,Add a visual element,Design background,Make the benefits easy to grasp,"""...Good meeting design isn't just about words, it's about clarity that drives action.""","Reflecting on '""Could I illustrate the 'before' and 'after' case study? Transforming a confusing agenda into a clear one shows the difference visually.""', it's clear that Creative sentiments can lead us to ""...Good meeting design isn't just about words, it's about clarity that drives action."". This encapsulates the essence of our discussion and the path forward.","{'Clara': [-3, 3], 'Eddie': [3.5, -2.5], 'Sofia': [-3, -3], 'Alex': [3, -3]}"
M1-S1-2-5,9:40:00,Clara,"""This is the hook! We started with the pain of bad meetings, but end by showing them a better future is absolutely within reach.""",Strategic,Clara -> All,Summarize,Consultant focus,Drive behavior change,Leave learners motivated,"""The best meetings are a competitive advantage. This course will give you the tools to achieve that advantage, transforming meetings from a source of dread into a source of power.""","{'Clara': [-3, 3], 'Eddie': [-2.5, 3.5], 'Sofia': [-3.5, 2.5], 'Alex': [-2.5, 2.5]}"
M1-S2-1-1,9:45:00,Clara,"""Time to tackle the 'meeting or memo' dilemma! Let's start with that decision tree...""",Enthusiastic,Clara -> All,Guide decision-making,Ex-consultant,Create practical tool,Improve meeting culture,"""Too often, we default to meetings without thinking. Let's use a simple decision tree to break that habit. First question: Does this require real-time discussion?""","{'Clara': [-3, 3], 'Eddie': [-2.5, 3.5], 'Sofia': [-3.5, 2.5], 'Alex': [-2.5, 2.5]}"
M1-S2-1-2,9:48:00,Alex,"""I'm all about flowcharts! Can I sketch out a draft tree while we talk through the yes/no questions?""",Proactive,Alex -> Clara,Turn concept into visual,Design background,Make info easy to digest,Improve learner retention,Alex actively sketches the decision tree,"{'Clara': [2.5, -2.5], 'Eddie': [3, 3], 'Sofia': [-3, -3], 'Alex': [3, -3]}"
M1-S2-1-3,9:52:00,Eddie,"""Hold on – define 'asynchronous'. Can't assume everyone knows that term.""",Cautious,"Eddie -> Alex, Clara",Ensure clarity,Ex-journalist,Define jargon for non-experts,Build inclusive course,"""Let's add a quick definition box for 'asynchronous communication' – no jargon allowed! Think of someone brand new to these concepts.""","{'Clara': [2.5, 3.5], 'Eddie': [3, 3], 'Sofia': [-3, -3], 'Alex': [3.5, 2.5]}"
M1-S2-1-4,9:55:00,Sofia,"""And don't just think email – what about tools like Slack, shared docs... how do those factor into the decision?""",Insightful,Sofia -> All,Broaden the options,"Ex-HR, diverse workstyles",Offer practical solutions,Make the course actionable,"""Sometimes it's not just meeting vs. memo. A quick thread in a shared workspace can get the input you need without clogging calendars.""","{'Clara': [-3.5, -2.5], 'Eddie': [-2.5, -2.5], 'Sofia': [-3, -3], 'Alex': [-2.5, -3.5]}"
M1-S2-1-5,9:56:00,Clara,"""This is getting complex! Let's add a branch to the tree: 'Is complex feedback or nuanced debate needed?' That pushes us towards meetings.""",Problem-Solving,Clara -> All,Expand the tool's usefulness,Management focus,Make it applicable to complex scenarios,"""The decision tree helps you think critically: is this simple information sharing, or something that needs the richness of a real-time conversation?""","Reflecting on '""This is getting complex! Let's add a branch to the tree: 'Is complex feedback or nuanced debate needed?' That pushes us towards meetings.""', it's clear that Problem-Solving sentiments can lead us to ""The decision tree helps you think critically: is this simple information sharing, or something that needs the richness of a real-time conversation?"". This encapsulates the essence of our discussion and the path forward.","{'Clara': [-3, 3], 'Eddie': [-2.5, 3.5], 'Sofia': [-3.5, 2.5], 'Alex': [-2.5, 2.5]}"
M1-S2-2-1,9:57:00,Eddie,"""Hold on – define 'asynchronous'... """,Cautious,"Eddie -> Alex, Clara",Ensure clarity,Ex-journalist,Define jargon,Build inclusive course,"""Let's start with the basics. Asynchronous communication means people don't have to be online at the same time to interact. Think email, shared documents, or even recorded video updates.""","{'Clara': [2.5, 3.5], 'Eddie': [3, 3], 'Sofia': [-3, -3], 'Alex': [3.5, 2.5]}"
M1-S2-2-2,9:58:00,Sofia,"""Let's make this practical! What are the top scenarios where asynchronous is BETTER than a meeting?""",Insightful,Sofia -> All,Focus on benefits,Ex-HR,Offer practical solutions,Make the course actionable,"""Simple status updates, sharing resources, quick non-urgent questions... these can often be handled asynchronously to save everyone's time.""","{'Clara': [-3.5, -2.5], 'Eddie': [-2.5, -2.5], 'Sofia': [-3, -3], 'Alex': [-2.5, -3.5]}"
M1-S2-2-3,10:00:00,Alex,"""Could I illustrate those scenarios? Icons for a meeting invite vs. a shared doc vs. an email... makes it visual which tool is ideal.""",Creative,Alex -> Sofia,Translate ideas into visuals,Design background,Make the concept easy to grasp,Improve learner retention,Icon of a meeting invite Icon of a shared document Icon of an email,"{'Clara': [-3, 3], 'Eddie': [3, 3], 'Sofia': [2.5, -3.5], 'Alex': [3, -3]}"
M1-S2-2-4,10:05:00,Clara,"""This ties back to our decision tree! Add a branch: 'Can this be resolved without real-time back-and-forth?' If yes, async is often the winner.""",Strategic,Clara -> All,Integrate with previous lesson,Consultant focus,Create a cohesive learning experience,Reinforce key concepts,"""We're building a decision-making process. Train yourself to ask: does this need everyone in the same virtual room at the same time?""","{'Clara': [-3, 3], 'Eddie': [-2.5, 3.5], 'Sofia': [-3.5, 2.5], 'Alex': [-2.5, 2.5]}"
M1-S2-2-5,10:10:00,Eddie,"""Accessibility reminder! If we advocate for async, we need to provide captioning, transcripts... otherwise we're excluding people.""",Principled,Eddie -> All,Ensure inclusive solutions,"Ex-journalist, focus on equity",Build an ethical course,"""Asynchronous communication is powerful, but it must be accessible. We'll include a section on making your emails, documents, and videos inclusive for everyone.""","Reflecting on '""Accessibility reminder! If we advocate for async, we need to provide captioning, transcripts... otherwise we're excluding people.""', it's clear that Principled sentiments can lead us to ""Asynchronous communication is powerful, but it must be accessible. We'll include a section on making your emails, documents, and videos inclusive for everyone."". This encapsulates the essence of our discussion and the path forward.","{'Clara': [2.5, 3.5], 'Eddie': [3, 3], 'Sofia': [2.5, 2.5], 'Alex': [3.5, 2.5]}"
M1-S2-3-1,10:15:00,Sofia,"""Let's not just bash meetings, let's offer solutions! What about quick standups or huddles for focused updates?""",Proactive,Sofia -> All,Shift from problems to solutions,"Ex-HR, diverse team needs",Provide practical options,Drive behavior change,"""Sometimes, all you need is a 10-minute status check. Standups and huddles are designed for efficiency, not long discussions.""","{'Clara': [-3.5, -2.5], 'Eddie': [-2.5, -2.5], 'Sofia': [-3, -3], 'Alex': [-2.5, -3.5]}"
M1-S2-3-2,10:20:00,Clara,"""How do we help people decide which format is right? Could we create a comparison chart? Traditional meeting vs. standup vs. huddle...""",Analytical,Clara -> All,Provide decision-making tools,Consultant focus,Make information actionable,Guide learner choice,"""Let's give them a chart: Purpose, Ideal Group Size, Best Use Cases... this makes it practical, not just theoretical.""","{'Clara': [-3, 3], 'Eddie': [-2.5, 3.5], 'Sofia': [-3.5, 2.5], 'Alex': [-2.5, 2.5]}"
M1-S2-3-3,10:25:00,Eddie,"""Let's define terms. Does everyone in our audience understand 'standup' and 'huddle'? Jargon can muddy the waters.""",Cautious,"Eddie -> Clara, Sofia",Ensure clarity,Ex-journalist,Edit for non-experts,Build inclusive course,"""Quick definitions of each meeting type, and make sure it's jargon-free.""","{'Clara': [2.5, 3.5], 'Eddie': [3, 3], 'Sofia': [2.5, 2.5], 'Alex': [3, -3]}"
M1-S2-3-4,10:30:00,Alex,"""I could illustrate the setup differences! A circle for a huddle, a line for a standup...shows the informality vs. a traditional conference table.""",Visual,Alex -> All,Translate ideas visually,Design background,Make the concept memorable,Improve learner retention,Simple sketches of meeting setups,"{'Clara': [2.5, -2.5], 'Eddie': [3.5, -2.5], 'Sofia': [2.5, -3.5], 'Alex': [3, -3]}"
M1-S2-3-5,10:35:00,Clara,"""This is when we drive home the point: It's about the RIGHT format for the goal, not just defaulting to the same old meeting!""",Enthusiastic,Clara -> All,Emphasize key concept,Results-oriented,Reinforce learning objectives,Motivate learners to experiment,"""The right meeting format saves time and boosts effectiveness. Challenge yourself to explore these alternatives!""","{'Clara': [-3, 3], 'Eddie': [-2.5, 3.5], 'Sofia': [-3.5, 2.5], 'Alex': [-2.5, 2.5]}"
M1-S3-1-1,10:45:00,Clara,"""Purpose is EVERYTHING! Let's start with a list of the most common meeting types: decision-making, brainstorming, status update...""",Focused,Clara -> All,Categorize for clarity,Ex-consultant,Organize content,Improve meeting outcomes,"""Meetings without clear purpose are a recipe for disaster. Common meeting types include decision-making, information sharing, brainstorming, and more.""","{'Clara': [-3, 3], 'Eddie': [-2.5, 3.5], 'Sofia': [-3.5, 2.5], 'Alex': [-2.5, 2.5]}"
M1-S3-1-2,10:50:00,Eddie,"""Let's define each type with one-sentence summaries. Forces us to be ruthlessly clear, no fluffy language.""",Precise,Eddie -> Clara,Ensure accurate definitions,Ex-journalist,Edit for non-experts,Build a glossary,"""A 'decision-making' meeting has a specific outcome. 'Brainstorming' is about generating ideas, not reaching a final decision...""","{'Clara': [2.5, 3.5], 'Eddie': [3, 3], 'Sofia': [-3, -3], 'Alex': [3, -3]}"
M1-S3-1-3,10:55:00,Sofia,"""How do we know if a meeting has too many goals? Is it okay to combine, say, updates and brainstorming?""",Insightful,Sofia -> All,Address real-world complexity,"HR background, diverse teams",Make guidance realistic,"""Sometimes things aren't neatly categorized. How do we help learners navigate those grey areas?""","Reflecting on '""How do we know if a meeting has too many goals? Is it okay to combine, say, updates and brainstorming?""', it's clear that Insightful sentiments can lead us to ""Sometimes things aren't neatly categorized. How do we help learners navigate those grey areas?"". This encapsulates the essence of our discussion and the path forward.","{'Clara': [-3.5, -2.5], 'Eddie': [-2.5, -2.5], 'Sofia': [-3, -3], 'Alex': [-2.5, -3.5]}"
M1-S3-1-4,11:00:00,Alex,"""Could I do a set of icons? A gavel for decision-making, a lightbulb for brainstorming... makes it instantly recognizable.""",Creative,Alex -> All,Translate ideas visually,Design background,Make the concept memorable,Improve learner retention,Simple icons representing different meeting types,"{'Clara': [2.5, -2.5], 'Eddie': [3.5, -2.5], 'Sofia': [2.5, -3.5], 'Alex': [3, -3]}"
M1-S3-1-5,11:05:00,Clara,"""This ties into our agenda lesson! The stated purpose should guide the agenda items, keeping everything focused.""",Strategic,Clara -> All,Integrate with previous lessons,Consultant focus,Create a cohesive learning experience,Reinforce key concepts,"""Remember our agenda template? The meeting's purpose dictates what sections you even need! ""","{'Clara': [-3, 3], 'Eddie': [-2.5, 3.5], 'Sofia': [-3.5, 2.5], 'Alex': [-2.5, 2.5]}"
M1-S3-2-1,11:15:00,Eddie,"""SMART goals are everywhere, but can we REALLY apply them to meetings? Feels a bit forced...""",Skeptical,Eddie -> All,Challenge assumptions,"Ex-journalist, focus on practicality",Ensure realistic lesson content,"""Are SMART objectives always the right fit for meetings, or is this overkill in some cases?""","Reflecting on '""SMART goals are everywhere, but can we REALLY apply them to meetings? Feels a bit forced...""', it's clear that Skeptical sentiments can lead us to ""Are SMART objectives always the right fit for meetings, or is this overkill in some cases?"". This encapsulates the essence of our discussion and the path forward.","{'Clara': [2.5, 3.5], 'Eddie': [3, 3], 'Sofia': [2.5, 2.5], 'Alex': [3.5, 2.5]}"
M1-S3-2-2,11:20:00,Sofia,"""It depends on the meeting type. A quick status check doesn't need the full SMART treatment. But for decisions, it could be the difference between clarity and chaos!""",Practical,Sofia -> Eddie,Address the nuance,HR background,Create adaptable guidance,Make the concept relatable,"""Let's differentiate between high-stakes meetings that need SMART rigor, and more informal ones where it might be unnecessary.""","{'Clara': [-3, 3], 'Eddie': [-2.5, -2.5], 'Sofia': [-3, -3], 'Alex': [3, -3]}"
M1-S3-2-3,11:25:00,Clara,"""How about examples tailored to meetings? 'By the end of this meeting, we will have a final decision on X' is way clearer than a vague objective.""",Problem-solving,Clara -> All,Provide concrete anchors,Consultant focus,Make the concept actionable,Drive behavior change,"""Let's give them SMART objectives written specifically for a meeting context, not just generic business goals.""","{'Clara': [-3, 3], 'Eddie': [-2.5, 3.5], 'Sofia': [-3.5, 2.5], 'Alex': [-2.5, 2.5]}"
M1-S3-2-4,11:30:00,Alex,"""Could I do a before/after? A meeting objective that's too broad, then the SMART makeover showing how it gains focus.""",Visual,Alex -> Clara,Illustrate the transformation,Design background,Make the impact tangible,Improve learner retention,Visual example of a vague vs. SMART meeting objective,"{'Clara': [2.5, -2.5], 'Eddie': [3, 3], 'Sofia': [-3, -3], 'Alex': [3, -3]}"
M1-S3-2-5,11:35:00,Eddie,"""Remember not to assume everyone knows what SMART stands for! A quick refresher in a sidebar is good practice.""",Cautious,Eddie -> All,Ensure the basics are covered,Ex-journalist,Build accessibility into the lesson,Create an inclusive course,"""A glossary or sidebar defining SMART (Specific, Measurable, etc.) ensures we don't lose anyone.""","{'Clara': [2.5, 3.5], 'Eddie': [3, 3], 'Sofia': [2.5, 2.5], 'Alex': [3.5, 2.5]}"
M2-S1-1-1,11:45:00,Clara,"""Let's start with our downloadable template! What are the absolute MUST-HAVE sections?""",Focused,Clara -> All,Define the core structure,Ex-consultant,Create practical assets,Improve meeting outcomes,"""Let's design a template that's truly useful. Each section needs a clear purpose.""","{'Clara': [-3, 3], 'Eddie': [-2.5, 3.5], 'Sofia': [-3.5, 2.5], 'Alex': [-2.5, 2.5]}"
M2-S1-1-2,11:50:00,Eddie,"""Clear headings! 'Updates' is too vague. 'Progress Report', 'Open Issues', etc. – forces clarity on the purpose of each item.""",Analytical,Eddie -> Clara,Structure for coherence,Ex-journalist,Edit for clear communication,Ensure a user-friendly template,"""The template guides people away from agendas that are just a laundry list.""","{'Clara': [2.5, 3.5], 'Eddie': [3, 3], 'Sofia': [-3, -3], 'Alex': [3, -3]}"
M2-S1-1-3,11:55:00,Sofia,"""Accessibility! Can we offer versions in plain text, or with large print for those with visual impairments?""",Inclusive,Sofia -> All,Broaden the reach,"HR background, diverse teams",Create a universally usable tool,"""Our template shouldn't exclude anyone. Alternative formats are essential.""","Reflecting on '""Accessibility! Can we offer versions in plain text, or with large print for those with visual impairments?""', it's clear that Inclusive sentiments can lead us to ""Our template shouldn't exclude anyone. Alternative formats are essential."". This encapsulates the essence of our discussion and the path forward.","{'Clara': [-3.5, -2.5], 'Eddie': [-2.5, -2.5], 'Sofia': [-3, -3], 'Alex': [-2.5, -3.5]}"
M2-S1-1-4,12:00:00,Alex,"""Could it be visually distinct? Different colored blocks for different item types makes it scannable and breaks up walls of text.""",Creative,"Alex -> Eddie, Clara",Improve usability,Graphics background,Make the tool intuitive,"""Even a well-structured template can be intimidating. Color-coding adds a layer of clarity.""","Reflecting on '""Could it be visually distinct? Different colored blocks for different item types makes it scannable and breaks up walls of text.""', it's clear that Creative sentiments can lead us to ""Even a well-structured template can be intimidating. Color-coding adds a layer of clarity."". This encapsulates the essence of our discussion and the path forward.","{'Clara': [2.5, -2.5], 'Eddie': [3.5, -2.5], 'Sofia': [-3, -3], 'Alex': [3, -3]}"
M2-S1-1-5,12:05:00,Clara,"""Now, how about sample agendas? A 'bad' one, then the same meeting transformed with our template and principles.""",Strategic,Clara -> All,Demonstrate the impact,Results-driven focus,Transform learner mindset,"""Let's show the power of a good agenda! A side-by-side comparison makes the case better than just talking about it.""","Reflecting on '""Now, how about sample agendas? A 'bad' one, then the same meeting transformed with our template and principles.""', it's clear that Strategic sentiments can lead us to ""Let's show the power of a good agenda! A side-by-side comparison makes the case better than just talking about it."". This encapsulates the essence of our discussion and the path forward.","{'Clara': [-3, 3], 'Eddie': [-2.5, 3.5], 'Sofia': [-3.5, 2.5], 'Alex': [-2.5, 2.5]}"
M2-S1-2-1,12:15:00,Eddie,"""How do we teach time allocation on an agenda? Is it realistic to put '5 mins' next to each item? That rarely works in the real world.""",Practical,Eddie -> All,Avoid idealistic advice,"Ex-journalist, focus on real-world application",Ensure realistic guidance,Make the lesson actionable,"""Let's be honest, meetings overrun. But we can still guide them towards better time management.""","{'Clara': [2.5, 3.5], 'Eddie': [3, 3], 'Sofia': [2.5, 2.5], 'Alex': [3.5, 2.5]}"
M2-S1-2-2,12:20:00,Sofia,"""Maybe focus on prioritization? Top 3 'must-decide' items, then things that are informational only get the leftover time.""",Strategic,Sofia -> Eddie,Emphasize critical choices,"HR background, work prioritization",Help learners manage the inevitable,"""Agendas should reflect the reality that not everything has equal urgency.""","Reflecting on '""Maybe focus on prioritization? Top 3 'must-decide' items, then things that are informational only get the leftover time.""', it's clear that Strategic sentiments can lead us to ""Agendas should reflect the reality that not everything has equal urgency."". This encapsulates the essence of our discussion and the path forward.","{'Clara': [-3, 3], 'Eddie': [-2.5, -2.5], 'Sofia': [-3, -3], 'Alex': [3, -3]}"
M2-S1-2-3,12:25:00,Clara,"""Could we have a section in the template for 'Time Needed', and force them to at least think about it, even if the estimate isn't perfect?""",Problem-solving,Clara -> All,Build the habit,Consultant focus,Drive behavior change,"""Even a rough time estimate encourages better planning than just jumping in blind.""","Reflecting on '""Could we have a section in the template for 'Time Needed', and force them to at least think about it, even if the estimate isn't perfect?""', it's clear that Problem-solving sentiments can lead us to ""Even a rough time estimate encourages better planning than just jumping in blind."". This encapsulates the essence of our discussion and the path forward.","{'Clara': [-3, 3], 'Eddie': [-2.5, 3.5], 'Sofia': [-3.5, 2.5], 'Alex': [-2.5, 2.5]}"
M2-S1-2-4,12:30:00,Alex,"""How about a visual hierarchy? Bigger headings, bold text for the critical items... makes it instantly clear what deserves the most focus.""",Visual,"Alex -> Sofia, Clara",Translate concepts visually,Design background,Improve usability,Reinforce prioritization,"""Let's use design to guide attention within the agenda itself, not just rely on words.""","{'Clara': [2.5, -2.5], 'Eddie': [3, 3], 'Sofia': [2.5, -3.5], 'Alex': [3, -3]}"
M2-S1-2-5,12:35:00,Sofia,"""Love it! And remember, some decisions might need discussion before the meeting to save time. Can we nudge them towards that?""",Insightful,Sofia -> All,Shift prep work upfront,Experience with inefficient meetings,Optimize meeting time usage,"""The agenda isn't just about the meeting itself – it can flag where pre-work is needed.""","Reflecting on '""Love it! And remember, some decisions might need discussion before the meeting to save time. Can we nudge them towards that?""', it's clear that Insightful sentiments can lead us to ""The agenda isn't just about the meeting itself – it can flag where pre-work is needed."". This encapsulates the essence of our discussion and the path forward.","{'Clara': [-3.5, -2.5], 'Eddie': [-2.5, -2.5], 'Sofia': [-3, -3], 'Alex': [-2.5, -3.5]}"
M2-S1-3-1,12:45:00,Sofia,"""Too many agendas are just report-outs! How do we ensure there's room for actual discussion of the important issues?""",Frustrated,Sofia -> All,Address common problem,"HR experience, values participation",Make meetings more productive,"""We all know those meetings... one person talks, everyone else zones out. Let's tackle that head-on""","Reflecting on '""Too many agendas are just report-outs! How do we ensure there's room for actual discussion of the important issues?""', it's clear that Frustrated sentiments can lead us to ""We all know those meetings... one person talks, everyone else zones out. Let's tackle that head-on"". This encapsulates the essence of our discussion and the path forward.","{'Clara': [-3.5, -2.5], 'Eddie': [-2.5, -2.5], 'Sofia': [-3, -3], 'Alex': [-2.5, -3.5]}"
M2-S1-3-2,12:50:00,Clara,"""This is where the agenda + facilitation skills intersect. Open-ended questions, time limits per speaker...it's structural.""",Analytical,Clara -> Sofia,Connect agenda to meeting leadership,Consultant focus,Provide actionable guidance,Drive behavior change,"""The agenda can set the stage for discussion, but the person running the meeting needs those skills too.""","{'Clara': [-3, 3], 'Eddie': [3, 3], 'Sofia': [-3.5, 2.5], 'Alex': [3, -3]}"
M2-S1-3-3,12:55:00,Eddie,"""Let's be clear on terminology. What's the difference between 'report-out' and 'discussion' in practical terms?""",Precise,Eddie -> Clara,Ensure clarity,Ex-journalist,Define jargon for non-experts,Build inclusive course,"""Can we give examples to distinguish the two, so learners aren't left guessing?""","{'Clara': [2.5, 3.5], 'Eddie': [3, 3], 'Sofia': [-3, -3], 'Alex': [3, -3]}"
M2-S1-3-4,13:00:00,Alex,"""Could I do a visual? One agenda is all one-way arrows, the 'good' one has circular arrows showing a back-and-forth.""",Creative,Alex -> All,Translate ideas visually,Design background,Make the concept memorable,Improve learner retention,Simple line drawings of one-way vs. interactive agenda flow,"{'Clara': [2.5, -2.5], 'Eddie': [3.5, -2.5], 'Sofia': [2.5, -3.5], 'Alex': [3, -3]}"
M2-S1-3-5,13:05:00,Sofia,"""Let's emphasize that it's not just open floor time. Guided discussion with a clear goal is still more effective than chaos.""",Strategic,Sofia -> All,Provide nuanced guidance,Experience with diverse meetings,Make the lesson realistic,"""Structure enables participation, it doesn't stifle it. We need to find that balance.""","Reflecting on '""Let's emphasize that it's not just open floor time. Guided discussion with a clear goal is still more effective than chaos.""', it's clear that Strategic sentiments can lead us to ""Structure enables participation, it doesn't stifle it. We need to find that balance."". This encapsulates the essence of our discussion and the path forward.","{'Clara': [-3.5, -2.5], 'Eddie': [-2.5, -2.5], 'Sofia': [-3, -3], 'Alex': [-2.5, -3.5]}"
M2-S2-1-1,13:20:00,Sofia,"""Let's tackle the 'invite everyone' trap! I've seen too many meetings bloated with people who just check their email the whole time.""",Frustrated,Sofia -> All,Address common problem,HR experience,Create relatable content,Reduce meeting bloat,"""We all know the feeling... sitting in a meeting wondering, 'Why am I here?' Let's break that cycle.""","{'Clara': [-3.5, -2.5], 'Eddie': [-2.5, -2.5], 'Sofia': [-3, -3], 'Alex': [-2.5, -3.5]}"
M2-S2-1-2,13:25:00,Eddie,"""Let's define terms. 'Essential' vs. 'optional' is a lot better than just 'need' vs 'nice to have' – less subjective.""",Precise,Eddie -> Sofia,Establish clear language,Ex-journalist,Improve clarity & consistency,"""Specificity matters. It helps avoid hurt feelings when streamlining meetings...""","Reflecting on '""Let's define terms. 'Essential' vs. 'optional' is a lot better than just 'need' vs 'nice to have' – less subjective.""', it's clear that Precise sentiments can lead us to ""Specificity matters. It helps avoid hurt feelings when streamlining meetings..."". This encapsulates the essence of our discussion and the path forward.","{'Clara': [-3, 3], 'Eddie': [3, 3], 'Sofia': [2.5, 2.5], 'Alex': [3, -3]}"
M2-S2-1-3,13:30:00,Clara,"""How about a decision matrix? List common meeting types, then who's essential, optional, or purely FYI for each.""",Practical,Clara -> All,Provide actionable tool,Consultant background,Drive behavior change,"""Instead of guessing, let's give them a tool to analyze every meeting invite!""","Reflecting on '""How about a decision matrix? List common meeting types, then who's essential, optional, or purely FYI for each.""', it's clear that Practical sentiments can lead us to ""Instead of guessing, let's give them a tool to analyze every meeting invite!"". This encapsulates the essence of our discussion and the path forward.","{'Clara': [-3, 3], 'Eddie': [-2.5, 3.5], 'Sofia': [-3.5, 2.5], 'Alex': [-2.5, 2.5]}"
M2-S2-1-4,13:35:00,Alex,"""Could I turn that matrix into an infographic? Easy to scan compared to a text document.""",Visual,Alex -> Clara,Improve usability,Graphics background,Make the tool user-friendly,"""A visual decision guide sticks in people's brains better than a boring chart.""","Reflecting on '""Could I turn that matrix into an infographic? Easy to scan compared to a text document.""', it's clear that Visual sentiments can lead us to ""A visual decision guide sticks in people's brains better than a boring chart."". This encapsulates the essence of our discussion and the path forward.","{'Clara': [2.5, -2.5], 'Eddie': [3, 3], 'Sofia': [-3, -3], 'Alex': [3, -3]}"
M2-S2-1-5,13:40:00,Sofia,"""Love the infographic! But remember, some people won't change. Can we suggest ways to politely decline unnecessary invites?""",Realistic,Sofia -> All,Offer practical coping mechanisms,"HR experience, time management",Ensure actionable solutions,"""'Unable to attend' is okay! Let's include some scripts to help people navigate this professionally.""","Reflecting on '""Love the infographic! But remember, some people won't change. Can we suggest ways to politely decline unnecessary invites?""', it's clear that Realistic sentiments can lead us to ""'Unable to attend' is okay! Let's include some scripts to help people navigate this professionally."". This encapsulates the essence of our discussion and the path forward.","{'Clara': [-3.5, -2.5], 'Eddie': [-2.5, -2.5], 'Sofia': [-3, -3], 'Alex': [-2.5, -3.5]}"
M2-S2-2-1,13:50:00,Clara,"""Let's focus on how to decide 'essential' vs. 'optional'. What are the key questions people should ask themselves?""",Strategic,Clara -> All,Define the decision criteria,Consultant background,Make the concept actionable,Drive effective meeting prep,"""We need to guide them through the thought process, not just give them a list.""","{'Clara': [-3, 3], 'Eddie': [-2.5, 3.5], 'Sofia': [-3.5, 2.5], 'Alex': [-2.5, 2.5]}"
M2-S2-2-2,13:55:00,Eddie,"""Does this person need to provide input to reach a decision? If not, they're likely optional.""",Analytical,Eddie -> Clara,Focus on meeting outcomes,Ex-journalist,Keep it goal-oriented,Emphasize meeting purpose,"""Cut through the clutter – does their presence directly impact the meeting's objective?""","{'Clara': [2.5, 3.5], 'Eddie': [3, 3], 'Sofia': [-3, -3], 'Alex': [3, -3]}"
M2-S2-2-3,14:00:00,Sofia,"""What about informational meetings? Where the goal is to share knowledge, not make a decision...how does that change things?""",Insightful,Sofia -> All,Address situational nuance,"HR experience, diverse teams",Make the guidance realistic,Challenge assumptions,"""Not every meeting is decision-driven. How does the meeting's purpose impact who's considered 'essential'?""","{'Clara': [-3.5, -2.5], 'Eddie': [-2.5, -2.5], 'Sofia': [-3, -3], 'Alex': [-2.5, -3.5]}"
M2-S2-2-4,14:05:00,Alex,"""Could I do a flowchart? 'Is a decision needed?' Yes/No branches, then follow-up questions tailored to each path.""",Visual,"Alex -> Sofia, Clara",Translate ideas visually,Design background,Make the concept memorable,Improve learner retention,Sketch of a decision flowchart,"{'Clara': [2.5, -2.5], 'Eddie': [3, 3], 'Sofia': [2.5, -3.5], 'Alex': [3, -3]}"
M2-S2-2-5,14:10:00,Sofia,"""And remember, 'essential' for one agenda item might mean 'optional' for others. Let's emphasize segmenting the meeting.""",Practical,Sofia -> All,Provide realistic solutions,Experience with complex meetings,Optimize meeting efficiency,"""Sometimes a person is needed for 15 minutes of a 60-minute meeting. That can be noted on the agenda!""","Reflecting on '""And remember, 'essential' for one agenda item might mean 'optional' for others. Let's emphasize segmenting the meeting.""', it's clear that Practical sentiments can lead us to ""Sometimes a person is needed for 15 minutes of a 60-minute meeting. That can be noted on the agenda!"". This encapsulates the essence of our discussion and the path forward.","{'Clara': [-3.5, -2.5], 'Eddie': [-2.5, -2.5], 'Sofia': [-3, -3], 'Alex': [-2.5, -3.5]}"
M2-S2-3-1,14:20:00,Sofia,"""Let's be honest, not everyone will do prep. But for those who do, how can we maximize the impact on the meeting itself?""",Realistic,Sofia -> All,Balance idealism with practicality,"HR experience, time management",Ensure actionable solutions,Make the benefits of prep work clear,"""Let's show those willing to do prep the payoff – it makes the meeting more productive for everyone.""","{'Clara': [-3.5, -2.5], 'Eddie': [-2.5, -2.5], 'Sofia': [-3, -3], 'Alex': [-2.5, -3.5]}"
M2-S2-3-2,14:25:00,Clara,"""Prep needs to be targeted. A blanket 'read this 10-page doc' is demoralizing. Specific questions to ponder, or a section to focus on is far more effective.""",Problem-solving,Clara -> All,Provide specific guidance,Consultant background,Drive effective prep habits,Increase meeting efficiency,"""Focused prep guides discussion. Let's give them examples: 'Come ready to discuss X, having reviewed pages 2-5 of the report'.""","{'Clara': [-3, 3], 'Eddie': [-2.5, 3.5], 'Sofia': [-3.5, 2.5], 'Alex': [-2.5, 2.5]}"
M2-S2-3-3,14:30:00,Eddie,"""Let's embed prep into the agenda! Not just 'Prep Needed', but 'Come ready to offer solutions to X problem' – turns it into an action item.""",Practical,Eddie -> Clara,Integrate with existing tools,Ex-journalist,Improve clarity and follow-through,Make prep part of the process,"""The agenda drives behavior. If prep is baked in, it's more likely to happen.""","{'Clara': [2.5, 3.5], 'Eddie': [3, 3], 'Sofia': [-3, -3], 'Alex': [3, -3]}"
M2-S2-3-4,14:35:00,Alex,"""Could we add a 'Prep Time Estimate' to the agenda? Even 5-10 minutes is better than nothing, and sets a realistic expectation.""",Empathetic,Alex -> All,Consider diverse workloads,Design background,Make the ask manageable,Encourage broader participation,"""Let's be respectful of people's time. A small, focused prep task can still be valuable.""","{'Clara': [2.5, -2.5], 'Eddie': [3.5, -2.5], 'Sofia': [2.5, -3.5], 'Alex': [3, -3]}"
M2-S2-3-5,14:40:00,Sofia,"""Accessibility is key! Could a short video summary, or even just key takeaways as bullet points, be an option in addition to long reports?""",Inclusive,Sofia -> All,Offer diverse formats,Experience with accessibility needs,Ensure everyone can prepare,Create a universally useful process,"""Prep shouldn't exclude those who learn differently. Let's offer alternatives.""","{'Clara': [-3.5, -2.5], 'Eddie': [-2.5, -2.5], 'Sofia': [-3, -3], 'Alex': [-2.5, -3.5]}"
M2-S3-1-1,14:50:00,Alex,"""Tech fails are meeting killers! How about a short, funny 'tech check nightmares' video to kick this off?""",Creative,Alex -> All,Address common pain point,Design background,Make learning engaging,"""Let's make this relatable... a humorous take on audio issues, screen-sharing fails, etc.""","Reflecting on '""Tech fails are meeting killers! How about a short, funny 'tech check nightmares' video to kick this off?""', it's clear that Creative sentiments can lead us to ""Let's make this relatable... a humorous take on audio issues, screen-sharing fails, etc."". This encapsulates the essence of our discussion and the path forward.","{'Clara': [2.5, -2.5], 'Eddie': [3.5, -2.5], 'Sofia': [2.5, -3.5], 'Alex': [3, -3]}"
M2-S3-1-2,14:55:00,Eddie,"""Humor's good, but let's follow up with a practical checklist for attendees. Make it downloadable, so they can use it while they set up.""",Practical,Eddie -> Alex,Provide usable tools,"Ex-journalist, clear info",Ensure long-term takeaways,"""Don't just laugh at the fails, let's give them a pre-meeting checklist: audio, lighting, etc.""","Reflecting on '""Humor's good, but let's follow up with a practical checklist for attendees. Make it downloadable, so they can use it while they set up.""', it's clear that Practical sentiments can lead us to ""Don't just laugh at the fails, let's give them a pre-meeting checklist: audio, lighting, etc."". This encapsulates the essence of our discussion and the path forward.","{'Clara': [-3, 3], 'Eddie': [3, 3], 'Sofia': [-3, -3], 'Alex': [3.5, 2.5]}"
M2-S3-1-3,15:00:00,Sofia,"""Accessibility matters here! Can the checklist include alt-text versions, captions for the video, and reminders about clear speech?""",Empathetic,Sofia -> All,Consider diverse needs,HR background,Build inclusive course,"""Our 'perfect' setup means nothing if it excludes people. Let's integrate accessibility from the start.""","Reflecting on '""Accessibility matters here! Can the checklist include alt-text versions, captions for the video, and reminders about clear speech?""', it's clear that Empathetic sentiments can lead us to ""Our 'perfect' setup means nothing if it excludes people. Let's integrate accessibility from the start."". This encapsulates the essence of our discussion and the path forward.","{'Clara': [-3.5, -2.5], 'Eddie': [-2.5, -2.5], 'Sofia': [-3, -3], 'Alex': [-2.5, -3.5]}"
M2-S3-1-4,15:05:00,Clara,"""Let's focus on the organizer's role too! What tech should they check in advance, beyond just their own setup?""",Strategic,Clara -> All,Shift to facilitator responsibility,"Consultant focus, smooth experience",Drive proactive behavior,"""It's not just attendees – organizers need to test meeting links, breakout rooms (if used), etc.""","Reflecting on '""Let's focus on the organizer's role too! What tech should they check in advance, beyond just their own setup?""', it's clear that Strategic sentiments can lead us to ""It's not just attendees – organizers need to test meeting links, breakout rooms (if used), etc."". This encapsulates the essence of our discussion and the path forward.","{'Clara': [-3, 3], 'Eddie': [-2.5, 3.5], 'Sofia': [-3.5, 2.5], 'Alex': [-2.5, 2.5]}"
M2-S3-1-5,15:10:00,Eddie,"""And a quick 'troubleshooting' FAQ. If the audio cuts out, here's what to try... it reduces mid-meeting panic!""",Practical,Eddie -> All,Anticipate problems,"Ex-journalist, audience focus",Empower learners,"""Let's equip them with basic fixes, so minor issues don't derail the entire meeting.""","Reflecting on '""And a quick 'troubleshooting' FAQ. If the audio cuts out, here's what to try... it reduces mid-meeting panic!""', it's clear that Practical sentiments can lead us to ""Let's equip them with basic fixes, so minor issues don't derail the entire meeting."". This encapsulates the essence of our discussion and the path forward.","{'Clara': [2.5, 3.5], 'Eddie': [3, 3], 'Sofia': [2.5, 2.5], 'Alex': [3.5, 2.5]}"
M2-S3-2-1,15:20:00,Clara,"""Okay, tech's covered. But what about the room itself? Even a small setup sends a message. How do we get that across?""",Strategic,Clara -> All,Shift focus to in-person,Consultant focus,Drive behavior change,"""The tech might be right, but the wrong room setup can derail things just as fast. Let's talk about the impact of the physical space.""","Reflecting on '""Okay, tech's covered. But what about the room itself? Even a small setup sends a message. How do we get that across?""', it's clear that Strategic sentiments can lead us to ""The tech might be right, but the wrong room setup can derail things just as fast. Let's talk about the impact of the physical space."". This encapsulates the essence of our discussion and the path forward.","{'Clara': [-3, 3], 'Eddie': [-2.5, 3.5], 'Sofia': [-3.5, 2.5], 'Alex': [-2.5, 2.5]}"
M2-S3-2-2,15:25:00,Alex,"""Before-and-after photos? Show how a cluttered conference room turns into a focused, collaborative space.""",Visual,Alex -> Clara,Illustrate the problem,Design background,Make the abstract tangible,"""Simple tweaks like table shape, removing distractions – the visuals will tell the story.""","Reflecting on '""Before-and-after photos? Show how a cluttered conference room turns into a focused, collaborative space.""', it's clear that Visual sentiments can lead us to ""Simple tweaks like table shape, removing distractions – the visuals will tell the story."". This encapsulates the essence of our discussion and the path forward.","{'Clara': [2.5, -2.5], 'Eddie': [3, 3], 'Sofia': [-3, -3], 'Alex': [3, -3]}"
M2-S3-2-3,15:30:00,Sofia,"""Accessibility again! Can we include wheelchair accessibility, good lighting for those with visual impairments, and minimizing background noise?""",Inclusive,Sofia -> All,Broaden the considerations,HR background,Build inclusive course,"""Our ideal room setup shouldn't create barriers for anyone. Let's tackle this head-on.""","Reflecting on '""Accessibility again! Can we include wheelchair accessibility, good lighting for those with visual impairments, and minimizing background noise?""', it's clear that Inclusive sentiments can lead us to ""Our ideal room setup shouldn't create barriers for anyone. Let's tackle this head-on."". This encapsulates the essence of our discussion and the path forward.","{'Clara': [-3.5, -2.5], 'Eddie': [-2.5, -2.5], 'Sofia': [-3, -3], 'Alex': [-2.5, -3.5]}"
M2-S3-2-4,15:35:00,Eddie,"""How specific do we get? Is 'chair arrangement' too granular, or is it actually important for different meeting types?""",Cautious,Eddie -> All,Find the right level of detail,"Ex-journalist, avoid overwhelm",Ensure the lesson is practical,"""Let's provide guidance without feeling like a rigid rule book.""","Reflecting on '""How specific do we get? Is 'chair arrangement' too granular, or is it actually important for different meeting types?""', it's clear that Cautious sentiments can lead us to ""Let's provide guidance without feeling like a rigid rule book."". This encapsulates the essence of our discussion and the path forward.","{'Clara': [2.5, 3.5], 'Eddie': [3, 3], 'Sofia': [2.5, 2.5], 'Alex': [3.5, 2.5]}"
M2-S3-2-5,15:40:00,Clara,"""Maybe a few key scenarios? 'Brainstorming' setup vs. a formal 'decision-making' setup... show the difference visually.""",Problem-solving,Clara -> Eddie,Make the guidance situational,Results-driven focus,Help learners apply the concepts,"""Let's tie room setup back to the meeting's purpose for clarity.""","Reflecting on '""Maybe a few key scenarios? 'Brainstorming' setup vs. a formal 'decision-making' setup... show the difference visually.""', it's clear that Problem-solving sentiments can lead us to ""Let's tie room setup back to the meeting's purpose for clarity."". This encapsulates the essence of our discussion and the path forward.","{'Clara': [-3, 3], 'Eddie': [-2.5, 3.5], 'Sofia': [-3, -3], 'Alex': [3, -3]}"
M3-S1-1-1,15:50:00,Clara,"""Let's replace awkward pre-meeting chit-chat with something focused! How do we get everyone on the same page, with a clear sense of why they're there?""",Energetic,Clara -> All,Emphasize the opportunity,Consultant focus,Drive positive first impressions,Guide learners to be intentional,"""The start of the meeting is prime real estate. Let's help them maximize its impact.""","{'Clara': [-3, 3], 'Eddie': [-2.5, 3.5], 'Sofia': [-3.5, 2.5], 'Alex': [-2.5, 2.5]}"
M3-S1-1-2,15:55:00,Eddie,"""Let's go beyond a basic agenda review. Can we give them a one-sentence template to kick things off? Something like 'Today, we're here to achieve X so that we can [broader impact]'""",Practical,Eddie -> Clara,Provide actionable tools,"Ex-journalist, clear communication",Make the purpose tangible,"""Give them a script they can adapt. This makes the 'why' crystal clear.""","Reflecting on '""Let's go beyond a basic agenda review. Can we give them a one-sentence template to kick things off? Something like 'Today, we're here to achieve X so that we can [broader impact]'""', it's clear that Practical sentiments can lead us to ""Give them a script they can adapt. This makes the 'why' crystal clear."". This encapsulates the essence of our discussion and the path forward.","{'Clara': [2.5, 3.5], 'Eddie': [3, 3], 'Sofia': [-3, -3], 'Alex': [3, -3]}"
M3-S1-1-3,16:00:00,Sofia,"""Let's be realistic. Some meetings do have a social element. How do we balance brief connection-building with getting down to business?""",Insightful,Sofia -> All,Challenge assumptions,"HR background, team dynamics",Create purposeful openings,"""Acknowledgement that work is done by humans goes a long way. Brief, purposeful connection is key.""","Reflecting on '""Let's be realistic. Some meetings do have a social element. How do we balance brief connection-building with getting down to business?""', it's clear that Insightful sentiments can lead us to ""Acknowledgement that work is done by humans goes a long way. Brief, purposeful connection is key."". This encapsulates the essence of our discussion and the path forward.","{'Clara': [-3.5, -2.5], 'Eddie': [-2.5, -2.5], 'Sofia': [-3, -3], 'Alex': [-2.5, -3.5]}"
M3-S1-1-4,16:05:00,Alex,"""Could I do a before/after visual? Awkward silence vs. a 30-second 'win' or 'good news' share tied to the team's work. Sets a positive tone!""",Creative,"Alex -> Sofia, Clara",Translate ideas visually,Design background,Make the concept memorable & practical,Simple illustrations of awkward vs. energized starts,"Reflecting on '""Could I do a before/after visual? Awkward silence vs. a 30-second 'win' or 'good news' share tied to the team's work. Sets a positive tone!""', it's clear that Creative sentiments can lead us to Simple illustrations of awkward vs. energized starts. This encapsulates the essence of our discussion and the path forward.","{'Clara': [2.5, -2.5], 'Eddie': [3, 3], 'Sofia': [2.5, -3.5], 'Alex': [3, -3]}"
M3-S1-1-5,16:10:00,Clara,"""Love the quick win idea! And it reinforces the bigger goals, which ties back to the opening statement. This is all connected!""",Strategic,Clara -> All,Integrate with previous concepts,"Results-driven, cohesive learning",Drive purposeful facilitation,"""We're building a facilitation toolkit, showing how each piece supports the others.""","Reflecting on '""Love the quick win idea! And it reinforces the bigger goals, which ties back to the opening statement. This is all connected!""', it's clear that Strategic sentiments can lead us to ""We're building a facilitation toolkit, showing how each piece supports the others."". This encapsulates the essence of our discussion and the path forward.","{'Clara': [-3, 3], 'Eddie': [-2.5, 3.5], 'Sofia': [-3.5, 2.5], 'Alex': [-2.5, 2.5]}"
M3-S1-2-1,16:20:00,Eddie,"""Ground rules are essential, but reading a list is soul-crushing. How do we make them engaging and ensure follow-through?""",Practical,Eddie -> All,Avoid a 'check the box' mentality,"Ex-journalist, focus on outcomes",Ensure practical application,Guide meaningful implementation,"""Rules without buy-in are useless. Let's tackle ways to get genuine adherence.""","{'Clara': [2.5, 3.5], 'Eddie': [3, 3], 'Sofia': [2.5, 2.5], 'Alex': [3.5, 2.5]}"
M3-S1-2-2,16:25:00,Sofia,"""Can we involve the participants in setting some of the norms? This creates ownership rather than just compliance.""",Collaborative,Sofia -> Eddie,Address root cause of disengagement,"HR background, team dynamics",Create a sense of shared responsibility,"""A team that sets its own expectations is more likely to self-regulate during the meeting.""","Reflecting on '""Can we involve the participants in setting some of the norms? This creates ownership rather than just compliance.""', it's clear that Collaborative sentiments can lead us to ""A team that sets its own expectations is more likely to self-regulate during the meeting."". This encapsulates the essence of our discussion and the path forward.","{'Clara': [-3, 3], 'Eddie': [-2.5, -2.5], 'Sofia': [-3, -3], 'Alex': [3, -3]}"
M3-S1-2-3,16:30:00,Alex,"""Could they visually agree to the norms? A simple infographic they all 'sign' – adds a touch of ceremony to it.""",Creative,Alex -> Sofia,Translate ideas visually,Design background,Make the concept memorable,Reinforce commitment,Visual of agreement infographic,"{'Clara': [-3, 3], 'Eddie': [3, 3], 'Sofia': [2.5, -3.5], 'Alex': [3, -3]}"
M3-S1-2-4,16:35:00,Clara,"""Let's connect norms to meeting roles! If 'everyone contributes' is a norm, the facilitator's role is to actively draw in quieter voices.""",Strategic,Clara -> All,Bridge theory and practice,Consultant focus,Drive behavior change,"""Norms aren't just words, they guide the facilitator's actions in real-time.""","Reflecting on '""Let's connect norms to meeting roles! If 'everyone contributes' is a norm, the facilitator's role is to actively draw in quieter voices.""', it's clear that Strategic sentiments can lead us to ""Norms aren't just words, they guide the facilitator's actions in real-time."". This encapsulates the essence of our discussion and the path forward.","{'Clara': [-3, 3], 'Eddie': [-2.5, 3.5], 'Sofia': [-3.5, 2.5], 'Alex': [-2.5, 2.5]}"
M3-S1-2-5,16:40:00,Eddie,"""Accessibility reminder! 'One person speaks at a time' is good, but also consider captioning for those who benefit from it.""",Principled,Eddie -> All,Ensure inclusive solutions,"Ex-journalist, focus on equity",Build an ethical course,"""We need norms that support diverse communication styles and needs.""","Reflecting on '""Accessibility reminder! 'One person speaks at a time' is good, but also consider captioning for those who benefit from it.""', it's clear that Principled sentiments can lead us to ""We need norms that support diverse communication styles and needs."". This encapsulates the essence of our discussion and the path forward.","{'Clara': [2.5, 3.5], 'Eddie': [3, 3], 'Sofia': [2.5, 2.5], 'Alex': [3.5, 2.5]}"
M3-S1-3-1,16:50:00,Clara,"""We all know those ramblers. How do we tactfully redirect without squashing participation? This is where good facilitation shines!""",Problem-Solving,Clara -> All,Address common challenge,Consultant focus,Drive behavior change,Equip facilitators with tools,"""Let's provide scripts and strategies to handle sidetracks with respect.""","{'Clara': [-3, 3], 'Eddie': [-2.5, 3.5], 'Sofia': [-3.5, 2.5], 'Alex': [-2.5, 2.5]}"
M3-S1-3-2,16:55:00,Sofia,"""Let's empower attendees too! Phrases like, 'To keep us on target, could we table that and revisit later?' gives them tools.""",Insightful,Sofia -> Clara,Shift responsibility to the group,"HR background, team ownership",Create a self-correcting environment,"""It's not just the facilitator's job. Let's teach proactive phrases all participants can use.""","Reflecting on '""Let's empower attendees too! Phrases like, 'To keep us on target, could we table that and revisit later?' gives them tools.""', it's clear that Insightful sentiments can lead us to ""It's not just the facilitator's job. Let's teach proactive phrases all participants can use."". This encapsulates the essence of our discussion and the path forward.","{'Clara': [-3.5, -2.5], 'Eddie': [3, 3], 'Sofia': [-3, -3], 'Alex': [3, -3]}"
M3-S1-3-3,17:00:00,Eddie,"""Time checks! But how do we make them constructive? Saying 'We're behind' is demoralizing... what's a better approach?""",Analytical,Eddie -> Sofia,"Focus on solutions, not blame","Ex-journalist, clear messaging","Motivate, not demoralize","""Help facilitators frame time checks as adjustments needed to achieve the meeting's goals.""","Reflecting on '""Time checks! But how do we make them constructive? Saying 'We're behind' is demoralizing... what's a better approach?""', it's clear that Analytical sentiments can lead us to ""Help facilitators frame time checks as adjustments needed to achieve the meeting's goals."". This encapsulates the essence of our discussion and the path forward.","{'Clara': [-3, 3], 'Eddie': [3, 3], 'Sofia': [2.5, 2.5], 'Alex': [3, -3]}"
M3-S1-3-4,17:05:00,Alex,"""Parking lot! Can I illustrate a simple one? Tangents get visually 'parked', showing they're acknowledged, not dismissed.""",Creative,Alex -> All,Translate ideas into visuals,Design background,Make the concept tangible,Improve learner retention,"Sketch of simple ""parking lot"" visual on an agenda or whiteboard","{'Clara': [2.5, -2.5], 'Eddie': [3.5, -2.5], 'Sofia': [2.5, -3.5], 'Alex': [3, -3]}"
M3-S1-3-5,17:10:00,Clara,"""This connects back to the agenda! If it's well-designed with timings, it becomes a natural tool for staying on track.""",Strategic,Clara -> All,Integrate with previous lessons,"Consultant focus, cohesive toolkit",Reinforce key concepts,"""We're building a system. Show how an effective agenda supports smooth facilitation.""","Reflecting on '""This connects back to the agenda! If it's well-designed with timings, it becomes a natural tool for staying on track.""', it's clear that Strategic sentiments can lead us to ""We're building a system. Show how an effective agenda supports smooth facilitation."". This encapsulates the essence of our discussion and the path forward.","{'Clara': [-3, 3], 'Eddie': [-2.5, 3.5], 'Sofia': [-3.5, 2.5], 'Alex': [-2.5, 2.5]}"
M3-S2-1-1,17:20:00,Clara,Silence can be deafening! How do we draw out those who might be hesitant to speak up?,Concerned,Clara -> All,Address participation disparity,Experience with large meetings,Identify strategies for encouraging participation,Increase diverse voices in discussions,Techniques to elicit participation from quieter attendees.,"{'Clara': [-3, 3], 'Eddie': [-2.5, 3.5], 'Sofia': [-3.5, 2.5], 'Alex': [-2.5, 2.5]}"
M3-S2-1-2,17:25:00,Sofia,"Maybe round-robin works, but it can feel forced. What about open-ended questions that can't be answered with a simple 'yes' or 'no'?",Thoughtful,Sofia -> Clara,Alternative to round-robin,"HR experience, fostering engagement",Suggest discussion techniques,Encourage deeper thought and participation,Open ended questions vs. closed ended questions.,"{'Clara': [-3.5, -2.5], 'Eddie': [3, 3], 'Sofia': [-3, -3], 'Alex': [3, -3]}"
M3-S2-1-3,17:30:00,Eddie,Visual thinking! Can we encourage using whiteboards or online tools to brainstorm together? It can spark ideas for those who might struggle to verbalize them.,Enthusiastic,Eddie -> All,Address non-verbal participation,Experience with creative teams,Broaden participation methods,Include diverse communication styles,Incorporate visual brainstorming techniques.,"{'Clara': [2.5, 3.5], 'Eddie': [3, 3], 'Sofia': [2.5, 2.5], 'Alex': [3.5, 2.5]}"
M3-S2-1-4,17:35:00,Alex,Can we make anonymity an option? An online tool where people can anonymously submit ideas or vote on them?,Intrigued,Alex -> All,Address fear of judgment,"Design background, online collaboration",Explore anonymous participation tools,Reduce participation barriers,Consider anonymous participation options (if appropriate).,"{'Clara': [2.5, -2.5], 'Eddie': [3.5, -2.5], 'Sofia': [2.5, -3.5], 'Alex': [3, -3]}"
M3-S2-1-5,17:40:00,Clara,"Love it, Alex! And let's emphasize that it's okay to pause for reflection. Not every silence needs to be filled immediately.",Supportive,Clara -> Alex,Normalize thoughtful responses,"Consultant focus, effective communication",Reframe silence during discussions,Create a safe space for considered input,Normalize silence for thoughtful responses.,"{'Clara': [-3, 3], 'Eddie': [3, 3], 'Sofia': [-3, -3], 'Alex': [-2.5, 2.5]}"
M3-S2-2-1,17:50:00,Sofia,"""Okay, let's tackle the elephant in the room... those who overpower the conversation and unintentionally silence others.""",Direct,Sofia -> All,Address common disruption,"HR background, team dynamics",Ensure equitable participation,Guide facilitators to address the issue,"""We can't talk about inclusion without addressing this head-on.""","{'Clara': [-3.5, -2.5], 'Eddie': [-2.5, -2.5], 'Sofia': [-3, -3], 'Alex': [-2.5, -3.5]}"
M3-S2-2-2,17:55:00,Eddie,"""But we need to avoid shaming them. How do we shift the focus back to the group as a whole in a positive way?""",Cautious,Eddie -> Sofia,Balance with empathy,"Ex-journalist, avoid alienating",Maintain a productive atmosphere,"""It's about redirecting their energy, not making them the 'problem'.""","Reflecting on '""But we need to avoid shaming them. How do we shift the focus back to the group as a whole in a positive way?""', it's clear that Cautious sentiments can lead us to ""It's about redirecting their energy, not making them the 'problem'."". This encapsulates the essence of our discussion and the path forward.","{'Clara': [-3, 3], 'Eddie': [3, 3], 'Sofia': [2.5, 2.5], 'Alex': [3, -3]}"
M3-S2-2-3,18:00:00,Clara,"""Could we use those ground rules? Have one like 'Aim for balanced airtime' – it sets an expectation without singling anyone out.""",Strategic,Clara -> Eddie,Connect with existing tools,"Consultant focus, proactive solutions",Reinforce established norms,"""Let's leverage the tools we already taught them to use!""","Reflecting on '""Could we use those ground rules? Have one like 'Aim for balanced airtime' – it sets an expectation without singling anyone out.""', it's clear that Strategic sentiments can lead us to ""Let's leverage the tools we already taught them to use!"". This encapsulates the essence of our discussion and the path forward.","{'Clara': [-3, 3], 'Eddie': [-2.5, 3.5], 'Sofia': [-3, -3], 'Alex': [3, -3]}"
M3-S2-2-4,18:05:00,Sofia,"""And facilitators can privately check in with the quieter folks: 'I noticed you had some thoughts, would you like to share?'""",Empathetic,Sofia -> All,Empower less vocal members,"HR background, advocate for all",Create supportive avenues,"""It's about ensuring those voices are heard, even if it's not in the full group setting.""","Reflecting on '""And facilitators can privately check in with the quieter folks: 'I noticed you had some thoughts, would you like to share?'""', it's clear that Empathetic sentiments can lead us to ""It's about ensuring those voices are heard, even if it's not in the full group setting."". This encapsulates the essence of our discussion and the path forward.","{'Clara': [-3.5, -2.5], 'Eddie': [-2.5, -2.5], 'Sofia': [-3, -3], 'Alex': [-2.5, -3.5]}"
M3-S2-2-5,18:10:00,Alex,"""Could breakout rooms be an option? Smaller groups sometimes let those who usually hold back find their voice.""",Problem-solving,Alex -> All,Leverage meeting formats,"Design background, adapt the environment",Offer alternative solutions,"""Let's think about how the meeting structure itself can foster participation.""","Reflecting on '""Could breakout rooms be an option? Smaller groups sometimes let those who usually hold back find their voice.""', it's clear that Problem-solving sentiments can lead us to ""Let's think about how the meeting structure itself can foster participation."". This encapsulates the essence of our discussion and the path forward.","{'Clara': [2.5, -2.5], 'Eddie': [3.5, -2.5], 'Sofia': [2.5, -3.5], 'Alex': [3, -3]}"
M3-S2-3-1,18:20:00,Eddie,"""Tangents can be valuable... sometimes. How do we distinguish between a worthwhile detour and a time sink?""",Analytical,Eddie -> All,Discern between productive vs. disruptive,"Ex-journalist, focus on outcomes",Equip facilitators with judgment calls,"""Let's guide them on when to redirect, and when to let a tangent briefly unfold.""","Reflecting on '""Tangents can be valuable... sometimes. How do we distinguish between a worthwhile detour and a time sink?""', it's clear that Analytical sentiments can lead us to ""Let's guide them on when to redirect, and when to let a tangent briefly unfold."". This encapsulates the essence of our discussion and the path forward.","{'Clara': [2.5, 3.5], 'Eddie': [3, 3], 'Sofia': [2.5, 2.5], 'Alex': [3.5, 2.5]}"
M3-S2-3-2,18:25:00,Sofia,"""Side conversations are the worst! It's so disrespectful. But how to address it without making a scene?""",Frustrated,Sofia -> All,Address common disruption,"HR background, team respect",Maintain a positive environment,"""We need a tactful intervention that doesn't make those people feel singled out.""","Reflecting on '""Side conversations are the worst! It's so disrespectful. But how to address it without making a scene?""', it's clear that Frustrated sentiments can lead us to ""We need a tactful intervention that doesn't make those people feel singled out."". This encapsulates the essence of our discussion and the path forward.","{'Clara': [-3.5, -2.5], 'Eddie': [-2.5, -2.5], 'Sofia': [-3, -3], 'Alex': [-2.5, -3.5]}"
M3-S2-3-3,18:30:00,Clara,"""Back to the agenda! 'We have a full agenda today, let's capture that in the parking lot for later' – refocuses everyone.""",Strategic,Clara -> Sofia,Leverage existing tools,"Consultant focus, proactive solutions",Reinforce established norms,"""Remind participants of the agreed-upon structure and its purpose.""","Reflecting on '""Back to the agenda! 'We have a full agenda today, let's capture that in the parking lot for later' – refocuses everyone.""', it's clear that Strategic sentiments can lead us to ""Remind participants of the agreed-upon structure and its purpose."". This encapsulates the essence of our discussion and the path forward.","{'Clara': [-3, 3], 'Eddie': [3, 3], 'Sofia': [-3.5, 2.5], 'Alex': [3, -3]}"
M3-S2-3-4,18:35:00,Alex,"""Humor can help! 'Looks like we have a breakout conversation happening! Let's bring that great energy to the whole group.'""",Lighthearted,Alex -> All,Diffuse tension with positivity,"Design background, adapt the environment",Offer alternative solutions,"""A playful redirection can be more effective than a scolding.""","Reflecting on '""Humor can help! 'Looks like we have a breakout conversation happening! Let's bring that great energy to the whole group.'""', it's clear that Lighthearted sentiments can lead us to ""A playful redirection can be more effective than a scolding."". This encapsulates the essence of our discussion and the path forward.","{'Clara': [2.5, -2.5], 'Eddie': [3.5, -2.5], 'Sofia': [2.5, -3.5], 'Alex': [3, -3]}"
M3-S2-3-5,18:40:00,Sofia,"""Let's acknowledge that sometimes side conversations are relevant. The facilitator can summarize for the group to ensure nothing's lost.""",Insightful,Sofia -> All,Find the potential value,"HR background, avoid dismissing insights",Ensure all information is shared,"""It's about making sure those discussions don't derail, but the content is brought back to the whole team.""","Reflecting on '""Let's acknowledge that sometimes side conversations are relevant. The facilitator can summarize for the group to ensure nothing's lost.""', it's clear that Insightful sentiments can lead us to ""It's about making sure those discussions don't derail, but the content is brought back to the whole team."". This encapsulates the essence of our discussion and the path forward.","{'Clara': [-3.5, -2.5], 'Eddie': [-2.5, -2.5], 'Sofia': [-3, -3], 'Alex': [-2.5, -3.5]}"
M3-S3-1-1,18:50:00,Clara,"""Consensus is the ideal, but is it always realistic? Let's help them understand when voting IS the better option.""",Pragmatic,Clara -> All,Address the nuance,"Consultant focus, realistic outcomes",Guide effective decision-making,Maximize the effectiveness of Guide effective decision-making to meet the need for Address the nuance.,"Lesson Snippet: ""Consensus-building aims for full agreement, while voting determines the most supported option. Neither is inherently superior – the 'best' method depends on the specific situation.""","{'Clara': [-3, 3], 'Eddie': [-2.5, 3.5], 'Sofia': [-3.5, 2.5], 'Alex': [-2.5, 2.5]}"
M3-S3-1-2,18:55:00,Eddie,"""What makes for a 'good' decision? High-stakes ones probably need more rigor than deciding lunch orders, right?""",Analytical,Eddie -> Clara,Define the stakes,"Ex-journalist, focus on consequences",Situational decision-making,Maximize the effectiveness of Situational decision-making to meet the need for Define the stakes.,"Lesson Snippet: Consider the decision's consequences. High-impact choices may require consensus for buy-in, while low-stakes ones can be resolved with a vote.","{'Clara': [2.5, 3.5], 'Eddie': [3, 3], 'Sofia': [-3, -3], 'Alex': [3, -3]}"
M3-S3-1-3,19:00:00,Sofia,"""Building consensus takes time and skill. If the facilitator is inexperienced, voting might be less damaging than a poorly-led 'consensus' process.""",Insightful,Sofia -> All,Address facilitator competency,"HR background, team development",Create realistic guidance,Maximize the effectiveness of Create realistic guidance to meet the need for Address facilitator competency.,Lesson Snippet: The facilitator's skillset influences method choice. Inexperience might favor a structured voting method to avoid a chaotic consensus process.,"{'Clara': [-3.5, -2.5], 'Eddie': [-2.5, -2.5], 'Sofia': [-3, -3], 'Alex': [-2.5, -3.5]}"
M3-S3-1-4,19:05:00,Alex,"""Could I do a flowchart? 'Is time limited?' 'Are emotions high?' – factors that nudge you towards the faster, more structured voting approach.""",Visual,Alex -> All,Translate ideas into visuals,Design background,Make the concept easy to grasp,Maximize the effectiveness of Make the concept easy to grasp to meet the need for Translate ideas into visuals.,Improve learner retention,"{'Clara': [2.5, -2.5], 'Eddie': [3.5, -2.5], 'Sofia': [2.5, -3.5], 'Alex': [3, -3]}"
M3-S3-1-5,19:10:00,Eddie,"""Let's not forget different voting methods! Majority, supermajority... nuances matter depending on the issue.""",Thorough,Eddie -> All,Ensure complete knowledge,"Ex-journalist, attention to detail",Provide comprehensive toolkit,Maximize the effectiveness of Provide comprehensive toolkit to meet the need for Ensure complete knowledge.,"Lesson Snippet: Define voting types (majority, supermajority, etc.). Explain scenarios where each is most appropriate, emphasizing the importance of nuance.","{'Clara': [2.5, 3.5], 'Eddie': [3, 3], 'Sofia': [2.5, 2.5], 'Alex': [3.5, 2.5]}"
M3-S3-2-1,19:20:00,Eddie,"""Meetings end, then what? Generic action items like 'someone should follow up' lead to nothing actually happening.""",Frustrated,Eddie -> All,Address common pitfall,"Ex-journalist, focus on outcomes",Emphasize accountability,"""Let's prevent well-intentioned decisions from fizzling out due to lack of clarity.""","Reflecting on '""Meetings end, then what? Generic action items like 'someone should follow up' lead to nothing actually happening.""', it's clear that Frustrated sentiments can lead us to ""Let's prevent well-intentioned decisions from fizzling out due to lack of clarity."". This encapsulates the essence of our discussion and the path forward.","{'Clara': [2.5, 3.5], 'Eddie': [3, 3], 'Sofia': [2.5, 2.5], 'Alex': [3.5, 2.5]}"
M3-S3-2-2,19:25:00,Clara,"""Specificity is key! Not just 'do X', but 'NAME to do X by DATE' – there's no room for confusion about who's responsible.""",Direct,Clara -> Eddie,Provide concrete solution,"Consultant focus, actionable steps",Drive behavior change,"""Let's give them a template that forces them to think about the 'who' and the 'when' during the meeting.""","Reflecting on '""Specificity is key! Not just 'do X', but 'NAME to do X by DATE' – there's no room for confusion about who's responsible.""', it's clear that Direct sentiments can lead us to ""Let's give them a template that forces them to think about the 'who' and the 'when' during the meeting."". This encapsulates the essence of our discussion and the path forward.","{'Clara': [-3, 3], 'Eddie': [-2.5, 3.5], 'Sofia': [-3, -3], 'Alex': [3, -3]}"
M3-S3-2-3,19:30:00,Sofia,"""Let's talk about capacity. Overloading one person dooms the action items. Is there a way to assess bandwidth in the meeting?""",Proactive,Sofia -> All,Prevent unrealistic expectations,"HR background, workload awareness",Ensure realistic outcomes,"""Help them check: 'Can this person actually do this, on top of their existing work?'""","Reflecting on '""Let's talk about capacity. Overloading one person dooms the action items. Is there a way to assess bandwidth in the meeting?""', it's clear that Proactive sentiments can lead us to ""Help them check: 'Can this person actually do this, on top of their existing work?'"". This encapsulates the essence of our discussion and the path forward.","{'Clara': [-3.5, -2.5], 'Eddie': [-2.5, -2.5], 'Sofia': [-3, -3], 'Alex': [-2.5, -3.5]}"
M3-S3-2-4,19:35:00,Alex,"""Could we add a 'Status' column to the agenda? During the meeting, notes on 'In Progress' 'Blocked', etc., give a real-time pulse check. """,Visual,Alex -> Sofia,Translate ideas into tools,Design background,Create easy-to-use solutions,Improve meeting efficiency,"""Embed progress tracking into the agenda itself, not a separate document.""","{'Clara': [-3, 3], 'Eddie': [3, 3], 'Sofia': [2.5, -3.5], 'Alex': [3, -3]}"
M3-S3-2-5,19:40:00,Sofia,"""And don't those follow-up emails need a clear owner? Who sends the recap, the updates... that in itself should be an action item!""",Insightful,Sofia -> All,Address the full process,"HR background, avoid dropped balls",Ensure complete workflow,"""The meeting doesn't end the work. Make sure ownership extends to all post-meeting tasks as well.""","Reflecting on '""And don't those follow-up emails need a clear owner? Who sends the recap, the updates... that in itself should be an action item!""', it's clear that Insightful sentiments can lead us to ""The meeting doesn't end the work. Make sure ownership extends to all post-meeting tasks as well."". This encapsulates the essence of our discussion and the path forward.","{'Clara': [-3.5, -2.5], 'Eddie': [-2.5, -2.5], 'Sofia': [-3, -3], 'Alex': [-2.5, -3.5]}"
M3-S3-3-1,19:50:00,Clara,"""Those last few minutes are crucial! How do we ensure everyone leaves with the same understanding of what was decided?""",Focused,Clara -> All,Emphasize meeting's purpose,"Consultant focus, tangible outcomes",Drive effective meeting closure,"""Let's prevent miscommunications that lead to wasted effort.""","Reflecting on '""Those last few minutes are crucial! How do we ensure everyone leaves with the same understanding of what was decided?""', it's clear that Focused sentiments can lead us to ""Let's prevent miscommunications that lead to wasted effort."". This encapsulates the essence of our discussion and the path forward.","{'Clara': [-3, 3], 'Eddie': [-2.5, 3.5], 'Sofia': [-3.5, 2.5], 'Alex': [-2.5, 2.5]}"
M3-S3-3-2,19:55:00,Eddie,"""Let's be clear on terminology. Is there a difference between 'summary', 'takeaways', and 'next steps'? We need consistent language.""",Precise,Eddie -> Clara,Ensure accurate definitions,"Ex-journalist, clarity matters",Provide usable vocabulary,"""Give them the right words to describe the different elements of meeting wrap-up.""","Reflecting on '""Let's be clear on terminology. Is there a difference between 'summary', 'takeaways', and 'next steps'? We need consistent language.""', it's clear that Precise sentiments can lead us to ""Give them the right words to describe the different elements of meeting wrap-up."". This encapsulates the essence of our discussion and the path forward.","{'Clara': [2.5, 3.5], 'Eddie': [3, 3], 'Sofia': [-3, -3], 'Alex': [3, -3]}"
M3-S3-3-3,20:00:00,Sofia,"""Could the summarization be collaborative? Ask the group, 'What are your key takeaways?' – builds engagement and checks alignment.""",Insightful,Sofia -> All,Shift responsibility to participants,"HR background, team participation",Create shared understanding,"""Make sure everyone feels ownership of the outcomes, not just passively listening to a recap.""","Reflecting on '""Could the summarization be collaborative? Ask the group, 'What are your key takeaways?' – builds engagement and checks alignment.""', it's clear that Insightful sentiments can lead us to ""Make sure everyone feels ownership of the outcomes, not just passively listening to a recap."". This encapsulates the essence of our discussion and the path forward.","{'Clara': [-3.5, -2.5], 'Eddie': [-2.5, -2.5], 'Sofia': [-3, -3], 'Alex': [-2.5, -3.5]}"
M3-S3-3-4,20:05:00,Alex,"""Visual recap! Can I sketch out the main points, almost like meeting minutes, but as simple visuals for quick reference?""",Creative,Alex -> Sofia,Translate ideas into tools,Design background,Create easy-to-use solutions,Improve information retention,"""Add a visual layer to the summary for those who process information differently. ""","{'Clara': [-3, 3], 'Eddie': [3, 3], 'Sofia': [2.5, -3.5], 'Alex': [3, -3]}"
M3-S3-3-5,20:10:00,Clara,"""This ties back to our tech check! If the meeting was recorded, that last bit with the summary is perfect as a shareable clip.""",Strategic,Clara -> All,Integrate with previous lessons,"Consultant focus, cohesive toolkit",Reinforce key concepts,"""Let's show how the tools we teach build upon each other for maximum impact.""","Reflecting on '""This ties back to our tech check! If the meeting was recorded, that last bit with the summary is perfect as a shareable clip.""', it's clear that Strategic sentiments can lead us to ""Let's show how the tools we teach build upon each other for maximum impact."". This encapsulates the essence of our discussion and the path forward.","{'Clara': [-3, 3], 'Eddie': [-2.5, 3.5], 'Sofia': [-3.5, 2.5], 'Alex': [-2.5, 2.5]}"
M4-S1-1-1,20:20:00,Sofia,"""Let's start by creating a 'cast of characters'! Everyone knows 'the rambler', but let's get more specific.""",Humorous,Sofia -> All,Make it relatable,"HR background, diverse experience",Spark learner self-recognition,"""Humor makes the types memorable, driving the point home that these are common issues.""","Reflecting on '""Let's start by creating a 'cast of characters'! Everyone knows 'the rambler', but let's get more specific.""', it's clear that Humorous sentiments can lead us to ""Humor makes the types memorable, driving the point home that these are common issues."". This encapsulates the essence of our discussion and the path forward.","{'Clara': [-3.5, -2.5], 'Eddie': [-2.5, -2.5], 'Sofia': [-3, -3], 'Alex': [-2.5, -3.5]}"
M4-S1-1-2,20:25:00,Eddie,"""Let's categorize them! Some are people-driven (rambler), some are external (tech meltdown), some are facilitator errors (no agenda)...""",Analytical,Eddie -> Sofia,Organize for clarity,"Ex-journalist, clear structure",Create a teachable framework,"""By understanding the root cause, we can teach better prevention and mitigation tactics.""","Reflecting on '""Let's categorize them! Some are people-driven (rambler), some are external (tech meltdown), some are facilitator errors (no agenda)...""', it's clear that Analytical sentiments can lead us to ""By understanding the root cause, we can teach better prevention and mitigation tactics."". This encapsulates the essence of our discussion and the path forward.","{'Clara': [-3, 3], 'Eddie': [3, 3], 'Sofia': [2.5, 2.5], 'Alex': [3, -3]}"
M4-S1-1-3,20:30:00,Alex,"""Could I illustrate each type? Not caricatures of people, but simple icons... a tangled mess for the rambler, a cracked screen for tech...""",Visual,Alex -> All,Translate ideas into visuals,Design background,Create easy-to-use solutions,Improve information retention,"""Visuals make the disruptions instantly recognizable, solidifying the lesson.""","{'Clara': [2.5, -2.5], 'Eddie': [3.5, -2.5], 'Sofia': [2.5, -3.5], 'Alex': [3, -3]}"
M4-S1-1-4,20:35:00,Clara,"""Let's not shame the derailed! Emphasize that 'the unprepared' might be due to overload, or 'the tech newbie' might need support, not scorn.""",Empathetic,Clara -> All,Build an inclusive approach,"Consultant, focus on solutions",Focus on resolution over blame,"""We want to empower them to address the disruption, not make anyone feel targeted.""","Reflecting on '""Let's not shame the derailed! Emphasize that 'the unprepared' might be due to overload, or 'the tech newbie' might need support, not scorn.""', it's clear that Empathetic sentiments can lead us to ""We want to empower them to address the disruption, not make anyone feel targeted."". This encapsulates the essence of our discussion and the path forward.","{'Clara': [-3, 3], 'Eddie': [-2.5, 3.5], 'Sofia': [-3.5, 2.5], 'Alex': [-2.5, 2.5]}"
M4-S1-1-5,20:40:00,Sofia,"""Absolutely! And this IS the facilitator's job. Each type of derailment will need a different tactic in the moment.""",Strategic,Sofia -> Clara,Shift focus to the facilitator,"HR background, leadership skills",Emphasize proactive solutions,"""Our goal is to equip them with tools to course-correct, regardless of the specific disruption.""","Reflecting on '""Absolutely! And this IS the facilitator's job. Each type of derailment will need a different tactic in the moment.""', it's clear that Strategic sentiments can lead us to ""Our goal is to equip them with tools to course-correct, regardless of the specific disruption."". This encapsulates the essence of our discussion and the path forward.","{'Clara': [-3.5, -2.5], 'Eddie': [3, 3], 'Sofia': [-3, -3], 'Alex': [3, -3]}"
M4-S1-2-1,20:50:00,Clara,"""Let's make a 'respectful redirection' toolkit. Phrases that acknowledge, but get things back on track.""",Problem-Solving,Clara -> All,Provide actionable techniques,Consultant focus,Drive behavior change,Equip facilitators with phrases,"""Give them scripts to de-escalate while maintaining a positive atmosphere.""","{'Clara': [-3, 3], 'Eddie': [-2.5, 3.5], 'Sofia': [-3.5, 2.5], 'Alex': [-2.5, 2.5]}"
M4-S1-2-2,20:55:00,Eddie,"""Specificity matters! The tactic for a rambler is different from someone whose tech is failing them.""",Precise,Eddie -> Clara,Tailor solutions to the issue,"Ex-journalist, avoid generic advice",Ensure realistic responses,"""One-size-fits-all approaches don't work. Let's match the intervention to the disruption.""","Reflecting on '""Specificity matters! The tactic for a rambler is different from someone whose tech is failing them.""', it's clear that Precise sentiments can lead us to ""One-size-fits-all approaches don't work. Let's match the intervention to the disruption."". This encapsulates the essence of our discussion and the path forward.","{'Clara': [2.5, 3.5], 'Eddie': [3, 3], 'Sofia': [-3, -3], 'Alex': [3, -3]}"
M4-S1-2-3,21:00:00,Sofia,"""Let's connect these tactics to the ground rules! If 'respect everyone's time' is in place, it empowers redirection.""",Strategic,Sofia -> All,Integrate with previous lessons,"HR background, team dynamics",Create a cohesive system,"""Reinforce that these tools build upon the foundation set at the meeting's start.""","Reflecting on '""Let's connect these tactics to the ground rules! If 'respect everyone's time' is in place, it empowers redirection.""', it's clear that Strategic sentiments can lead us to ""Reinforce that these tools build upon the foundation set at the meeting's start."". This encapsulates the essence of our discussion and the path forward.","{'Clara': [-3.5, -2.5], 'Eddie': [-2.5, -2.5], 'Sofia': [-3, -3], 'Alex': [-2.5, -3.5]}"
M4-S1-2-4,21:05:00,Alex,"""Could we act out a before/after? Bad redirection makes things worse. Show how a respectful approach diffuses tension.""",Illustrative,Alex -> All,Demonstrate the impact,Design background,Make the benefits tangible,"""Illustrate how the choice of words and tone can escalate or de-escalate the situation.""","Reflecting on '""Could we act out a before/after? Bad redirection makes things worse. Show how a respectful approach diffuses tension.""', it's clear that Illustrative sentiments can lead us to ""Illustrate how the choice of words and tone can escalate or de-escalate the situation."". This encapsulates the essence of our discussion and the path forward.","{'Clara': [2.5, -2.5], 'Eddie': [3.5, -2.5], 'Sofia': [2.5, -3.5], 'Alex': [3, -3]}"
M4-S1-2-5,21:10:00,Sofia,"""And remember, sometimes the BEST tactic is to take it offline. A quick 'let's chat after the meeting' can work wonders.""",Experienced,Sofia -> All,Offer diverse solutions,"HR background, conflict resolution",Create a comprehensive toolkit,"""Not every derailment needs to be fixed in front of the entire group.""","Reflecting on '""And remember, sometimes the BEST tactic is to take it offline. A quick 'let's chat after the meeting' can work wonders.""', it's clear that Experienced sentiments can lead us to ""Not every derailment needs to be fixed in front of the entire group."". This encapsulates the essence of our discussion and the path forward.","{'Clara': [-3.5, -2.5], 'Eddie': [-2.5, -2.5], 'Sofia': [-3, -3], 'Alex': [-2.5, -3.5]}"
M4-S2-1-1,21:20:00,Sofia,"""Let's acknowledge that tension isn't always BAD. Disagreement can lead to better solutions, if handled well.""",Insightful,Sofia -> All,Shift perspective on conflict,"HR background, team dynamics",Manage conflict productively,Maximize the effectiveness of Manage conflict productively to meet the need for Shift perspective on conflict.,Lesson Snippet: Tension isn't inherently negative. Recognize the difference between productive disagreement and destructive conflict.,"{'Clara': [-3.5, -2.5], 'Eddie': [-2.5, -2.5], 'Sofia': [-3, -3], 'Alex': [-2.5, -3.5]}"
M4-S2-1-2,21:25:00,Clara,"""How do we spot the tipping point? What are the verbal and nonverbal signs that things are about to escalate negatively?""",Proactive,Clara -> Sofia,Focus on prevention,"Consultant focus, avoid escalation",Equip facilitators with awareness,Maximize the effectiveness of Equip facilitators with awareness to meet the need for Focus on prevention.,"Lesson Snippet: Key indicators of escalating tension: raised voices, interruptions, dismissive body language. Emphasize early intervention.","{'Clara': [-3, 3], 'Eddie': [3, 3], 'Sofia': [-3.5, 2.5], 'Alex': [3, -3]}"
M4-S2-1-3,21:30:00,Eddie,"""Let's talk tactics! 'Can we unpack that a bit?' slows the pace. Or summarizing each side neutrally shows you're hearing them.""",Practical,Eddie -> All,Provide actionable techniques,"Ex-journalist, communication focus",De-escalate in the moment,Maximize the effectiveness of De-escalate in the moment to meet the need for Provide actionable techniques.,"Lesson Snippet: Phrases that diffuse: ""Can we unpack that?"", ""Let me summarize to ensure I understand..."". Focus on slowing the pace and demonstrating active listening.","{'Clara': [2.5, 3.5], 'Eddie': [3, 3], 'Sofia': [2.5, 2.5], 'Alex': [3.5, 2.5]}"
M4-S2-1-4,21:35:00,Alex,"""Could I do a visual spectrum? Green zone is productive tension, red is damaging. Show how body language shifts along with it.""",Visual,Alex -> All,Translate ideas into visuals,Design background,Create easy-to-use reference,Improve facilitator observations,"Lesson Snippet: Tension spectrum visual: green (open posture, engaged) to red (closed off, aggressive).","{'Clara': [2.5, -2.5], 'Eddie': [3.5, -2.5], 'Sofia': [2.5, -3.5], 'Alex': [3, -3]}"
M4-S2-1-5,21:40:00,Clara,"""When is a break the best option? Is suggesting a pause seen as weak, or a sign of strong facilitation?""",Concerned,Clara -> All,Acknowledge potential solutions,Manage facilitator self-doubt,Ensure realistic expectations,Maximize the effectiveness of Ensure realistic expectations to meet the need for Acknowledge potential solutions.,"Lesson Snippet: Strategic breaks CAN be powerful. Frame it as: ""Let's step back for a moment to collect our thoughts, then come back for a constructive solution.""","{'Clara': [-3, 3], 'Eddie': [-2.5, 3.5], 'Sofia': [-3.5, 2.5], 'Alex': [-2.5, 2.5]}"
M4-S2-2-1,21:50:00,Eddie,"""Let's provide scripts! How to table something without making it feel like the topic is being shut down for good.""",Practical,Eddie -> All,Avoid a sense of failure,"Ex-journalist, clear messaging",Emphasize respect for the issue,Maximize the effectiveness of Emphasize respect for the issue to meet the need for Avoid a sense of failure.,"Lesson Snippet: Phrases like ""This deserves focused discussion. To honor our meeting goals today, let's schedule a dedicated time for this.""","{'Clara': [2.5, 3.5], 'Eddie': [3, 3], 'Sofia': [2.5, 2.5], 'Alex': [3.5, 2.5]}"
M4-S2-2-2,21:55:00,Sofia,"""Let's emphasize it's about time management, not dismissal. 'We're tabling this to ensure we make a thorough decision on X, then give this topic the attention it needs.'""",Strategic,Sofia -> All,Align with meeting goals,"HR background, team respect",Frame it as prioritization,Maximize the effectiveness of Frame it as prioritization to meet the need for Align with meeting goals.,Lesson Snippet: Focus on the importance of the tabled topic AND giving the current agenda items the time they deserve.,"{'Clara': [-3.5, -2.5], 'Eddie': [-2.5, -2.5], 'Sofia': [-3, -3], 'Alex': [-2.5, -3.5]}"
M4-S2-2-3,22:00:00,Clara,"""Decision time! Is tabling always the facilitator's call? Could a quick temperature check of the group be helpful in some cases?""",Analytical,Clara -> Sofia,Address power dynamics,"Consultant focus, team input",Create adaptable guidance,Maximize the effectiveness of Create adaptable guidance to meet the need for Address power dynamics.,"Lesson Snippet: Context matters. Facilitators can table unilaterally, OR facilitate a brief group consensus on whether a topic's veering off-track.","{'Clara': [-3, 3], 'Eddie': [3, 3], 'Sofia': [-3.5, 2.5], 'Alex': [3, -3]}"
M4-S2-2-4,22:05:00,Alex,"""Parking lot upgrade! Can we use different symbols? A clock for 'needs more time', a file for 'needs more info' – makes follow-up clearer.""",Visual,Alex -> All,Improve the tool,"Design background, clear distinctions",Make it easy to follow up,Maximize the effectiveness of Make it easy to follow up to meet the need for Improve the tool.,"Lesson Snippet: Visuals in the parking lot: clock (more time needed), file (more info needed), etc. Clarity on what's parked vs. truly optional.","{'Clara': [2.5, -2.5], 'Eddie': [3.5, -2.5], 'Sofia': [2.5, -3.5], 'Alex': [3, -3]}"
M4-S2-2-5,22:10:00,Sofia,"""Transparency is key! A quick follow-up email summarizing the tabled items, with owners for each, combats the 'black hole' feeling.""",Empathetic,Sofia -> All,Build trust and clarity,"HR background, communication",Manage expectations honestly,Maximize the effectiveness of Manage expectations honestly to meet the need for Build trust and clarity.,"Lesson Snippet: Post-meeting follow-up recaps tabled items. Assigns who will initiate scheduling specific discussions, etc.","{'Clara': [-3.5, -2.5], 'Eddie': [-2.5, -2.5], 'Sofia': [-3, -3], 'Alex': [-2.5, -3.5]}"
M4-S3-1-1,22:20:00,Clara,"""This isn't just about fixing what went wrong. How do we capture what went RIGHT, to reinforce those behaviors?""",Positive,Clara -> All,Focus on continuous improvement,"Consultant focus, growth mindset",Make evaluation motivating,Maximize the effectiveness of Make evaluation motivating to meet the need for Focus on continuous improvement.,"Lesson Snippet: Include questions like, ""What was one successful aspect of the meeting?"" to reinforce positive practices.","{'Clara': [-3, 3], 'Eddie': [-2.5, 3.5], 'Sofia': [-3.5, 2.5], 'Alex': [-2.5, 2.5]}"
M4-S3-1-2,22:25:00,Eddie,"""Keep it short and sweet! No one has time for essays after a long meeting. Maybe 3-5 questions max.""",Practical,Eddie -> Clara,Ensure realistic expectations,"Ex-journalist, respect for time",Make the evaluation actionable,Maximize the effectiveness of Make the evaluation actionable to meet the need for Ensure realistic expectations.,Lesson Snippet: Limit the evaluation to 3-5 focused questions aimed at generating actionable insights for future meetings.,"{'Clara': [2.5, 3.5], 'Eddie': [3, 3], 'Sofia': [-3, -3], 'Alex': [3, -3]}"
M4-S3-1-3,22:30:00,Sofia,"""Could we mix question types? Yes/no, ratings scales, plus a box for 'What surprised you?' – that often gets to the juicy stuff.""",Insightful,Sofia -> All,Gather diverse feedback,"HR background, team development",Capture nuanced insights,Maximize the effectiveness of Capture nuanced insights to meet the need for Gather diverse feedback.,"Lesson Snippet: Use diverse question formats (yes/no, ratings, open-ended) for well-rounded feedback. Example: ""On a scale of 1-5, how well did the meeting achieve its stated purpose?""","{'Clara': [-3.5, -2.5], 'Eddie': [-2.5, -2.5], 'Sofia': [-3, -3], 'Alex': [-2.5, -3.5]}"
M4-S3-1-4,22:35:00,Alex,"""Anonymous option? Might get more honest feedback, especially for less experienced facilitators.""",Considerate,Alex -> All,Address potential hesitation,"Design background, inclusive tools",Create a safe space for growth,Maximize the effectiveness of Create a safe space for growth to meet the need for Address potential hesitation.,Lesson Snippet: Consider offering an anonymous option for feedback to encourage honest and constructive criticism.,"{'Clara': [2.5, -2.5], 'Eddie': [3.5, -2.5], 'Sofia': [2.5, -3.5], 'Alex': [3, -3]}"
M4-S3-1-5,22:40:00,Clara,"""Let's put some responsibility on the attendees too! A question like 'What's one thing YOU could do differently next time?' builds engagement.""",Proactive,Clara -> All,Instill shared ownership,"Consultant focus, team accountability",Empower continuous improvement,Maximize the effectiveness of Empower continuous improvement to meet the need for Instill shared ownership.,"Lesson Snippet: Include a question like, ""What could you contribute differently to make the next meeting even better?"" to promote self-reflection and ownership.","{'Clara': [-3, 3], 'Eddie': [-2.5, 3.5], 'Sofia': [-3.5, 2.5], 'Alex': [-2.5, 2.5]}"
M4-S3-2-1,22:50:00,Sofia,"""Feedback is useless if it sits in a drawer. How do we make the facilitator accountable for acting on it?""",Frustrated,Sofia -> All,Address common pitfall,"HR background, focus on outcomes",Emphasize action over analysis,"""Let's avoid the feeling that the debrief was just an empty exercise.""","Reflecting on '""Feedback is useless if it sits in a drawer. How do we make the facilitator accountable for acting on it?""', it's clear that Frustrated sentiments can lead us to ""Let's avoid the feeling that the debrief was just an empty exercise."". This encapsulates the essence of our discussion and the path forward.","{'Clara': [-3.5, -2.5], 'Eddie': [-2.5, -2.5], 'Sofia': [-3, -3], 'Alex': [-2.5, -3.5]}"
M4-S3-2-2,22:55:00,Clara,"""Could the next meeting's agenda include a 'Changes Based on Feedback' section? Public accountability works.""",Strategic,Clara -> All,Build in transparency,"Consultant focus, respect attendees",Demonstrate responsiveness,"""Show that their feedback isn't just heard, but actively used to improve the meeting experience.""","Reflecting on '""Could the next meeting's agenda include a 'Changes Based on Feedback' section? Public accountability works.""', it's clear that Strategic sentiments can lead us to ""Show that their feedback isn't just heard, but actively used to improve the meeting experience."". This encapsulates the essence of our discussion and the path forward.","{'Clara': [-3, 3], 'Eddie': [-2.5, 3.5], 'Sofia': [-3.5, 2.5], 'Alex': [-2.5, 2.5]}"
M4-S3-2-3,23:00:00,Eddie,"""But how do we handle the brutal feedback? A public 'roast' of the facilitator could backfire...""",Cautious,Eddie -> All,Manage sensitive feedback,"Ex-journalist, avoid demoralizing",Protect facilitators while learning,"""There needs to be a way to address harsh criticism constructively.""","Reflecting on '""But how do we handle the brutal feedback? A public 'roast' of the facilitator could backfire...""', it's clear that Cautious sentiments can lead us to ""There needs to be a way to address harsh criticism constructively."". This encapsulates the essence of our discussion and the path forward.","{'Clara': [2.5, 3.5], 'Eddie': [3, 3], 'Sofia': [2.5, 2.5], 'Alex': [3.5, 2.5]}"
M4-S3-2-4,23:05:00,Sofia,"""Maybe a 1:1 with the facilitator first? They can summarize less-constructive comments to focus on actionable themes.""",Empathetic,Sofia -> Eddie,Support facilitator development,"HR background, coaching approach",Create a safe learning process,"""Filter out personal attacks, and turn critiques into growth opportunities.""","Reflecting on '""Maybe a 1:1 with the facilitator first? They can summarize less-constructive comments to focus on actionable themes.""', it's clear that Empathetic sentiments can lead us to ""Filter out personal attacks, and turn critiques into growth opportunities."". This encapsulates the essence of our discussion and the path forward.","{'Clara': [-3, 3], 'Eddie': [-2.5, -2.5], 'Sofia': [-3, -3], 'Alex': [3, -3]}"
M4-S3-2-5,23:10:00,Alex,"""Could it be a team effort? The facilitator presents the feedback, then the group brainstorms solutions, not blame.""",Collaborative,Alex -> All,Foster shared responsibility,"Design background, team ownership",Promote group problem-solving,"""Turn the debrief into a collaborative tool for continuous meeting improvement.""","Reflecting on '""Could it be a team effort? The facilitator presents the feedback, then the group brainstorms solutions, not blame.""', it's clear that Collaborative sentiments can lead us to ""Turn the debrief into a collaborative tool for continuous meeting improvement."". This encapsulates the essence of our discussion and the path forward.","{'Clara': [2.5, -2.5], 'Eddie': [3.5, -2.5], 'Sofia': [2.5, -3.5], 'Alex': [3, -3]}"